{"keyset": {"lweSecretKeys": [{"id": 0, "params": {"lweDimension": 1536, "integerPrecision": 64, "keyType": "binary"}}, {"id": 1, "params": {"lweDimension": 523, "integerPrecision": 64, "keyType": "binary"}}, {"id": 2, "params": {"lweDimension": 2048, "integerPrecision": 64, "keyType": "binary"}}, {"id": 3, "params": {"lweDimension": 741, "integerPrecision": 64, "keyType": "binary"}}], "lweBootstrapKeys": [{"id": 0, "inputId": 1, "outputId": 0, "params": {"levelCount": 1, "baseLog": 18, "glweDimension": 6, "polynomialSize": 256, "variance": 7.040630965929754e-23, "integerPrecision": 64, "modulus": {"modulus": {"native": {}}}, "keyType": "binary", "inputLweDimension": 523}, "compression": "seed"}, {"id": 1, "inputId": 3, "outputId": 2, "params": {"levelCount": 2, "baseLog": 16, "glweDimension": 4, "polynomialSize": 512, "variance": 8.442253112932959e-31, "integerPrecision": 64, "modulus": {"modulus": {"native": {}}}, "keyType": "binary", "inputLweDimension": 741}, "compression": "seed"}], "lweKeyswitchKeys": [{"id": 0, "inputId": 0, "outputId": 1, "params": {"levelCount": 3, "baseLog": 3, "variance": 3.3093064089739187e-07, "integerPrecision": 64, "modulus": {"modulus": {"native": {}}}, "keyType": "binary", "inputLweDimension": 1536, "outputLweDimension": 523}, "compression": "seed"}, {"id": 1, "inputId": 0, "outputId": 3, "params": {"levelCount": 5, "baseLog": 3, "variance": 1.403002562106473e-10, "integerPrecision": 64, "modulus": {"modulus": {"native": {}}}, "keyType": "binary", "inputLweDimension": 1536, "outputLweDimension": 741}, "compression": "seed"}, {"id": 2, "inputId": 2, "outputId": 0, "params": {"levelCount": 1, "baseLog": 18, "variance": 7.040630965929754e-23, "integerPrecision": 64, "modulus": {"modulus": {"native": {}}}, "keyType": "binary", "inputLweDimension": 2048, "outputLweDimension": 1536}, "compression": "seed"}], "packingKeyswitchKeys": []}, "circuits": [{"inputs": [{"rawInfo": {"shape": {"dimensions": [1, 1, 15, 15, 3]}, "integerPrecision": 64, "isSigned": false}, "typeInfo": {"lweCiphertext": {"abstractShape": {"dimensions": [1, 1, 15, 15]}, "concreteShape": {"dimensions": [1, 1, 15, 15, 3]}, "integerPrecision": 64, "encryption": {"keyId": 0, "variance": 7.040630965929754e-23, "lweDimension": 1536, "modulus": {"modulus": {"native": {}}}}, "compression": "seed", "encoding": {"integer": {"width": 6, "isSigned": false, "mode": {"native": {}}}}}}}], "outputs": [{"rawInfo": {"shape": {"dimensions": [1, 2, 2049]}, "integerPrecision": 64, "isSigned": false}, "typeInfo": {"lweCiphertext": {"abstractShape": {"dimensions": [1, 2]}, "concreteShape": {"dimensions": [1, 2, 2049]}, "integerPrecision": 64, "encryption": {"keyId": 2, "variance": 8.442253112932959e-31, "lweDimension": 2048, "modulus": {"modulus": {"native": {}}}}, "compression": "none", "encoding": {"integer": {"width": 8, "isSigned": true, "mode": {"native": {}}}}}}}], "name": "_clear_forward_proxy"}], "tfhers_specs": {"input_types_per_func": {"_clear_forward_proxy": [null]}, "output_types_per_func": {"_clear_forward_proxy": [null]}, "input_shapes_per_func": {"_clear_forward_proxy": [null]}, "output_shapes_per_func": {"_clear_forward_proxy": [null]}}}