{"keyset": {"lweSecretKeys": [{"id": 0, "params": {"lweDimension": 1280, "integerPrecision": 64, "keyType": "binary"}}, {"id": 1, "params": {"lweDimension": 536, "integerPrecision": 64, "keyType": "binary"}}, {"id": 2, "params": {"lweDimension": 2048, "integerPrecision": 64, "keyType": "binary"}}, {"id": 3, "params": {"lweDimension": 717, "integerPrecision": 64, "keyType": "binary"}}], "lweBootstrapKeys": [{"id": 0, "inputId": 1, "outputId": 0, "params": {"levelCount": 2, "baseLog": 10, "glweDimension": 5, "polynomialSize": 256, "variance": 6.429662658896972e-19, "integerPrecision": 64, "modulus": {"modulus": {"native": {}}}, "keyType": "binary", "inputLweDimension": 536}, "compression": "seed"}, {"id": 1, "inputId": 3, "outputId": 2, "params": {"levelCount": 2, "baseLog": 16, "glweDimension": 4, "polynomialSize": 512, "variance": 8.442253112932959e-31, "integerPrecision": 64, "modulus": {"modulus": {"native": {}}}, "keyType": "binary", "inputLweDimension": 717}, "compression": "seed"}], "lweKeyswitchKeys": [{"id": 0, "inputId": 0, "outputId": 1, "params": {"levelCount": 4, "baseLog": 2, "variance": 2.0826387734880697e-07, "integerPrecision": 64, "modulus": {"modulus": {"native": {}}}, "keyType": "binary", "inputLweDimension": 1280, "outputLweDimension": 536}, "compression": "seed"}, {"id": 1, "inputId": 0, "outputId": 3, "params": {"levelCount": 6, "baseLog": 2, "variance": 3.298849639213864e-10, "integerPrecision": 64, "modulus": {"modulus": {"native": {}}}, "keyType": "binary", "inputLweDimension": 1280, "outputLweDimension": 717}, "compression": "seed"}, {"id": 2, "inputId": 2, "outputId": 0, "params": {"levelCount": 1, "baseLog": 15, "variance": 6.429662658896972e-19, "integerPrecision": 64, "modulus": {"modulus": {"native": {}}}, "keyType": "binary", "inputLweDimension": 2048, "outputLweDimension": 1280}, "compression": "seed"}], "packingKeyswitchKeys": []}, "circuits": [{"inputs": [{"rawInfo": {"shape": {"dimensions": [1, 1, 8, 8, 3]}, "integerPrecision": 64, "isSigned": false}, "typeInfo": {"lweCiphertext": {"abstractShape": {"dimensions": [1, 1, 8, 8]}, "concreteShape": {"dimensions": [1, 1, 8, 8, 3]}, "integerPrecision": 64, "encryption": {"keyId": 0, "variance": 6.429662658896972e-19, "lweDimension": 1280, "modulus": {"modulus": {"native": {}}}}, "compression": "seed", "encoding": {"integer": {"width": 9, "isSigned": false, "mode": {"native": {}}}}}}}], "outputs": [{"rawInfo": {"shape": {"dimensions": [1, 10, 2049]}, "integerPrecision": 64, "isSigned": false}, "typeInfo": {"lweCiphertext": {"abstractShape": {"dimensions": [1, 10]}, "concreteShape": {"dimensions": [1, 10, 2049]}, "integerPrecision": 64, "encryption": {"keyId": 2, "variance": 8.442253112932959e-31, "lweDimension": 2048, "modulus": {"modulus": {"native": {}}}}, "compression": "none", "encoding": {"integer": {"width": 11, "isSigned": true, "mode": {"native": {}}}}}}}], "name": "_clear_forward_proxy"}], "tfhers_specs": {"input_types_per_func": {"_clear_forward_proxy": [null]}, "output_types_per_func": {"_clear_forward_proxy": [null]}, "input_shapes_per_func": {"_clear_forward_proxy": [null]}, "output_shapes_per_func": {"_clear_forward_proxy": [null]}}}